topic_title,chapter_title,lesson_title,description,youtube_url,duration_seconds,order_index,learning_objectives
Механик,Кинематик,Вектор нэмэх хасах,,https://www.youtube.com/watch?v=FGchC6xW0wc,972,1,
Механик,Кинематик,Вектор задаргаа - жишээ,,https://www.youtube.com/watch?v=_fW1v8QkC7Q,1355,2,
Механик,Кинематик,Шилжилт зам,,https://www.youtube.com/watch?v=TTvqjPEh8yM,1174,3,
Механик,Кинематик,Хурд хугацаа диаграм жишээ,,https://www.youtube.com/watch?v=2xvfs758A2E,608,4,
Механик,Кинематик,Тогтмол хурдатгалтай хөдөлгөөнд график тэгшитгэлийг хэрэглэх,,https://www.youtube.com/watch?v=J9sHNVfShhA,1184,5,
Механик,Кинематик,Эгц дээш шидэгдсэн биеийн хөдөлгөөн,,https://www.youtube.com/watch?v=eqnBfE3Bex0,799,6,
Механик,Кинематик,Эгц дээш шидэгдсэн биеийн хөдөлгөөн - жишээ бодлого,,https://www.youtube.com/watch?v=G5R1kIJwO04,830,7,
Механик,Кинематик,Өнцөг үүсгэн шидэгдсэн биеийн хөдөлгөөн,,https://www.youtube.com/watch?v=P1LhSOaoSz4,794,8,
Механик,Кинематик,Өнцөг үүсгэн шидэгдсэн биеийн хөдөлгөөн - жишээ бодлого,,https://www.youtube.com/watch?v=sdFdKl1JIeM,432,9,
Механик,Кинематик,Хэвтээ чигт шидэгдсэн бие - жишээ бодлого,,https://www.youtube.com/watch?v=3SDYCUKnhas,636,10,
Механик,Кинематик,Өнцөг үүсгэн шидэгдсэн бие - жишээ бодлого,,https://www.youtube.com/watch?v=Sk1caVRDYl8,542,11,
Механик,Кинематик,Тойргоор жигд эргэх хөдөлгөөн,,https://www.youtube.com/watch?v=yTKXWrl2T68,776,12,
Механик,Кинематик,Тангенциал ба нормаль хурдатгал,,https://www.youtube.com/watch?v=DVA60LcUsbw,874,13,
Механик,Кинематик,Өнцөг үүсгэн шидэгдсэн үеийн нормаль ба тангенциал хурдатгал,,https://www.youtube.com/watch?v=TdPJiEQyWcc,758,14,
Механик,Кинематик,Харьцангуй хурд ба хурдатгал,,https://www.youtube.com/watch?v=MvlFoaCEmSg,1069,15,
Механик,Кинематик,Кинематик бодлого,,https://www.youtube.com/watch?v=sTjVyp8U5NQ,778,16,
Механик,Кинематик,Эгц дээш шидэгдсэн хөдөлгөөн давтлага,,https://www.youtube.com/watch?v=GlnG35pBEjo,1110,17,
Механик,Кинематик,Өөрчлөлт - уламжлалын эхлэл,,https://www.youtube.com/watch?v=8hbQh4Pb3T4,902,18,
Механик,Кинематик,Уламжлал ба хэрэглээ,,https://www.youtube.com/watch?v=Mr9Q9ZFyR5M,1171,19,
Механик,Кинематик,Уламжлал ашиглан бодлого бодов - иродов 1.17,,https://www.youtube.com/watch?v=QLe2PHzM3EQ,521,20,
Механик,Кинематик,Кинематикийн бодлого - 3800 номны 1.268,,https://www.youtube.com/watch?v=2cmRq6tNPPc,606,21,
Механик,Динамик,Ньютоны хуулиуд,,https://www.youtube.com/watch?v=UIhvj9G9nHo,1584,1,
Механик,Динамик,Эргэвч,,https://www.youtube.com/watch?v=1ls1GyiBnos,930,2,
Механик,Динамик,Атвудын машин - жишээ бодлого,,https://www.youtube.com/watch?v=vy2KVb_rSQg,1230,3,
Механик,Динамик,Налуу хавтгайн хөдөлгөөн,,https://www.youtube.com/watch?v=83rGJ-SK7jY,1277,4,
Механик,Динамик,Үрэлтийн хүч жишээ бодлого,,https://www.youtube.com/watch?v=0y1YdCrA61I,845,5,
Механик,Динамик,Лифтний бодлого,,https://www.youtube.com/watch?v=U-7qv30pJwA,452,6,
Механик,Динамик,Галт тэргэн дэх утсаар зүүгдсэн ачаа,,https://www.youtube.com/watch?v=hG8qApkAYEU,461,7,
Механик,Динамик,Бодлого,,https://www.youtube.com/watch?v=duyZBSrMuwU,849,8,
Механик,Динамик,Эргэлдэх хөдөлгөөнд ньютоны хууль хэрэглэх,,https://www.youtube.com/watch?v=ZA4XRuuz_Y0,475,9,
Механик,Динамик,Гүүрний бодлого,,https://www.youtube.com/watch?v=PVNnuVv8cXs,410,10,
Механик,Динамик,Хүчний момент,,https://www.youtube.com/watch?v=U91jvLj40jg,688,11,
Механик,Динамик,Хүчний момент - бодлого,,https://www.youtube.com/watch?v=FHnecLfk2Fc,825,12,
Механик,Динамик,Массын төв - онол,,https://www.youtube.com/watch?v=o4lQngRHUFo,642,13,
Механик,Динамик,Гурвалжны массын төв,,https://www.youtube.com/watch?v=8bQfjt_zb3A,733,14,
Механик,Динамик,Массын төв - жишээ,,https://www.youtube.com/watch?v=dXiJ9BpXe50,701,15,
Механик,Динамик,Бөмбөрцөг гадаргуугаас гулсах бие,,https://www.youtube.com/watch?v=9R-MEWU2J6U,345,16,
Механик,"Ажил, энерги ба импульс",Скаляр үржвэр,,https://www.youtube.com/watch?v=2JJyklkUY1s,564,1,
Механик,"Ажил, энерги ба импульс",Ажил,,https://www.youtube.com/watch?v=z8_4IvsF8Js,612,2,
Механик,"Ажил, энерги ба импульс",Ажил бодлого,,https://www.youtube.com/watch?v=QYWa1BzN3ww,327,3,
Механик,"Ажил, энерги ба импульс",Хувьсах хүчний ажил,,https://www.youtube.com/watch?v=1sApgmxkYSs,669,4,
Механик,"Ажил, энерги ба импульс",Кинетик энергийн өөрчлөлт,,https://www.youtube.com/watch?v=voEqWnSn4lY,667,5,
Механик,"Ажил, энерги ба импульс",Ажил хурд олох бодлого,,https://www.youtube.com/watch?v=CtDJs50o0dU,414,6,
Механик,"Ажил, энерги ба импульс",Чадал,,https://www.youtube.com/watch?v=jTRPNgqYXRU,417,7,
Механик,"Ажил, энерги ба импульс",Хүндийн хүчний потенциал энерги,,https://www.youtube.com/watch?v=cjjQTqrSUF0,597,8,
Механик,"Ажил, энерги ба импульс",Энерги хадгалагдах хууль,,https://www.youtube.com/watch?v=omV7t6b2Pxs,616,9,
Механик,"Ажил, энерги ба импульс",Өнцөг үүсгэн шидэгдсэн биед энерги хадгалагдах хууль ашиглах,,https://www.youtube.com/watch?v=g_t-6RMnfdk,613,10,
Механик,"Ажил, энерги ба импульс",Үрэлтгүй налуугаар гаргах хүчний хийсэн ажил,,https://www.youtube.com/watch?v=1iUQBGLYm2g,307,11,
Механик,"Ажил, энерги ба импульс",Бүх энергийг тооцсон жишээ бодлого,,https://www.youtube.com/watch?v=9UJHEFSeSx8,529,12,
Механик,"Ажил, энерги ба импульс",Пүршин дээр унагасан биеийн бодлого,,https://www.youtube.com/watch?v=OWt_jMmaxEQ,455,13,
Механик,"Ажил, энерги ба импульс",Хөдөлгөөний тоо хэмжээ,,https://www.youtube.com/watch?v=sZW4grcNQFE,609,14,
Механик,"Ажил, энерги ба импульс",Абсолют уян харимхай мөргөлдөөн,,https://www.youtube.com/watch?v=Be2MtJwcNAM,755,15,
Механик,"Ажил, энерги ба импульс",Абсолют уян харимхай мөргөлдөөн - Жишээ бодлого,,https://www.youtube.com/watch?v=4--ROUFJnQg,791,16,
Механик,"Ажил, энерги ба импульс",Харимхай бус мөргөлдөөн - Жишээ бодлого,,https://www.youtube.com/watch?v=fLtV9TLdMWw,424,17,
Механик,"Ажил, энерги ба импульс",Харимхай бус мөргөлдөөн - 2D хэмжээст бодлого,,https://www.youtube.com/watch?v=W3x3mAtKK9M,371,18,
Механик,"Ажил, энерги ба импульс",Импульс,,https://www.youtube.com/watch?v=kZ4zvBKGKZM,607,19,
Механик,"Ажил, энерги ба импульс",Тийрэлтэт хөдөлгүүр - Пуужин - Жишээ бодлого,,https://www.youtube.com/watch?v=Tk_72a8CM9o,848,20,
Механик,Хатуу биеийн эргэлдэх хөдөлгөөн,Хатуу биеийн эргэлдэх хөдөлгөөн - Эргэлтийн кинетик энерги,,https://www.youtube.com/watch?v=NxiUF1hGz_c,856,1,
Механик,Хатуу биеийн эргэлдэх хөдөлгөөн,Инерцийн момент - тооцоолол,,https://www.youtube.com/watch?v=Sz00G_qK_hA,1081,2,
Механик,Хатуу биеийн эргэлдэх хөдөлгөөн,Штейнерийн теорем,,https://www.youtube.com/watch?v=UQtecOMWTWk,851,3,
Механик,Хатуу биеийн эргэлдэх хөдөлгөөн,Хүчний момент ба өнцөг хурдатгалын хамаарал,,https://www.youtube.com/watch?v=USashkJeYOA,1056,4,
Механик,Хатуу биеийн эргэлдэх хөдөлгөөн,Вектор үржвэр,,https://www.youtube.com/watch?v=t86SfpRgd80,940,5,
Механик,Хатуу биеийн эргэлдэх хөдөлгөөн,Импульсийн момент,,https://www.youtube.com/watch?v=7lsF2NCurtA,750,6,
Механик,Хатуу биеийн эргэлдэх хөдөлгөөн,Эргэж буй саваа - Нурж буй яндан,,https://www.youtube.com/watch?v=S87PNWrqbL0,814,7,
Механик,Хатуу биеийн эргэлдэх хөдөлгөөн,Саваа ба ачааны мөргөлдөөн - жишээ бодлого,,https://www.youtube.com/watch?v=v-gyLDSLn2E,634,8,
Механик,Хатуу биеийн эргэлдэх хөдөлгөөн,Өнхрөлтөөр гадаргуугаас салах цилиндр,,https://www.youtube.com/watch?v=BtpESmDnZhY,656,9,
Механик,Хатуу биеийн эргэлдэх хөдөлгөөн,Налуу гадаргуугаар өнхрөх бие,,https://www.youtube.com/watch?v=XT4X-hfm4gY,895,10,
Хэлбэлзэл ба долгион,Хэлбэлзэл ба долгион,Долгион,,https://www.youtube.com/watch?v=OGtvDNH8TTo,687,1,
Хэлбэлзэл ба долгион,Хэлбэлзэл ба долгион,Долгион ойлт ба хугарал,,https://www.youtube.com/watch?v=mcVjQNvFi-I,605,2,
Хэлбэлзэл ба долгион,Хэлбэлзэл ба долгион,Долгион жишээ бодлого,,https://www.youtube.com/watch?v=7ipcBkyn3bc,505,3,
Хэлбэлзэл ба долгион,Хэлбэлзэл ба долгион,Пүршин дүүжин - хэлбэлзлийн үе,,https://www.youtube.com/watch?v=UiP_kxzcoqc,782,4,
Хэлбэлзэл ба долгион,Хэлбэлзэл ба долгион,Математик дүүжин,,https://www.youtube.com/watch?v=Ix5--HTg1aE,553,5,
Хэлбэлзэл ба долгион,Хэлбэлзэл ба долгион,Физик дүүжин,,https://www.youtube.com/watch?v=IXFghgcVX5k,645,6,
Хэлбэлзэл ба долгион,Хэлбэлзэл ба долгион,Гармоник хэлбэлзлийн энерги,,https://www.youtube.com/watch?v=V5LhyneDXT8,972,7,
Хэлбэлзэл ба долгион,Хэлбэлзэл ба долгион,Унтрах хэлбэлзэл - 2-р эрэмбийн дифференциал тэгшитгэл,,https://www.youtube.com/watch?v=cCeFDzl32s8,1500,8,
Хэлбэлзэл ба долгион,Хэлбэлзэл ба долгион,Үрэлтийн хүчний нөлөө дэх унтрах хэлбэлзэл,,https://www.youtube.com/watch?v=7Nob6PFi3hg,544,9,
Хэлбэлзэл ба долгион,Хэлбэлзэл ба долгион,Долгион тэгшитгэл,,https://www.youtube.com/watch?v=-8u_0duwefo,700,10,
Хэлбэлзэл ба долгион,Хэлбэлзэл ба долгион,Долгионы орчинд тархах хурд,,https://www.youtube.com/watch?v=_teZvHbh64U,1600,11,
Дулаан ба молекул физик,Дулааны үзэгдэл,10-р анги - Хийн молекул энерги ба температур,,https://www.youtube.com/watch?v=BR-nqm7c9o8,831,1,
Дулаан ба молекул физик,Дулааны үзэгдэл,10-р анги - биеийн тэлэлт,,https://www.youtube.com/watch?v=X5DjEH9moyc,736,2,
Дулаан ба молекул физик,Дулааны үзэгдэл,10-р анги - изобар процесс,,https://www.youtube.com/watch?v=VKbjqKPOMUY,784,3,
Дулаан ба молекул физик,Дулааны үзэгдэл,9-р анги - Дулаан,,https://www.youtube.com/watch?v=mannosfTayQ,1491,4,
Дулаан ба молекул физик,Дулааны үзэгдэл,9-р анги - дулааны тэнцвэр,,https://www.youtube.com/watch?v=UulYLaO2rSk,454,5,
Дулаан ба молекул физик,Дулааны үзэгдэл,10-р анги - Тогтмол халаагуур,,https://www.youtube.com/watch?v=YxSqiHZ7nXg,785,6,
Дулаан ба молекул физик,Дулааны үзэгдэл,Дулаан - Халаагуурын бодлого,,https://www.youtube.com/watch?v=i4IWjT-bE58,414,7,
Дулаан ба молекул физик,Дулааны үзэгдэл,Биеийн тэлэлт,,https://www.youtube.com/watch?v=rqJ7LtsACKE,719,8,
Дулаан ба молекул физик,Термодинамик,Хийн - даралт манометер,,https://www.youtube.com/watch?v=l2W6Tip8Bm8,493,1,
Дулаан ба молекул физик,Термодинамик,Төлөвийн тэгшитгэл,,https://www.youtube.com/watch?v=LYuxrxVdJng,846,2,
Дулаан ба молекул физик,Термодинамик,Изохор процесс,,https://www.youtube.com/watch?v=8hVkP7vLVXQ,316,3,
Дулаан ба молекул физик,Термодинамик,Изохор - машины дугуй - жишээ бодлого,,https://www.youtube.com/watch?v=IVlkgVaPq-g,357,4,
Дулаан ба молекул физик,Термодинамик,Изобар процесс,,https://www.youtube.com/watch?v=OrnX1Apk7Pk,433,5,
Дулаан ба молекул физик,Термодинамик,Изобар процесс - бүлүүртэй бодлого,,https://www.youtube.com/watch?v=X4Mw0hzI73o,226,6,
Дулаан ба молекул физик,Термодинамик,Изотерм процесс,,https://www.youtube.com/watch?v=3vKrFuhnDec,520,7,
Дулаан ба молекул физик,Термодинамик,Изотерм - нуурын гүн олох - жишээ бодлого,,https://www.youtube.com/watch?v=75ifi6ME2RI,368,8,
Дулаан ба молекул физик,Термодинамик,Изотерм - харилцах савны даралт олох бодлого,,https://www.youtube.com/watch?v=eMb6XWrPSUs,347,9,
Дулаан ба молекул физик,Термодинамик,Термодинамикийн 1 р хууль,,https://www.youtube.com/watch?v=yE60MYy_RSM,1340,10,
Дулаан ба молекул физик,Термодинамик,Адиабат процесс,,https://www.youtube.com/watch?v=aRD73A_jnZg,795,11,
Дулаан ба молекул физик,Термодинамик,График зурах,,https://www.youtube.com/watch?v=vT6Kw4xJoHs,936,12,
Дулаан ба молекул физик,Термодинамик,Ашигт үйлийн коэффициент,,https://www.youtube.com/watch?v=vFs0cvq-rQE,878,13,
Дулаан ба молекул физик,Термодинамик,Карногийн цикл,,https://www.youtube.com/watch?v=n1a_DVQLvak,1063,14,
Дулаан ба молекул физик,Термодинамик,Ашигт үйлийн коэффициент - жишээ бодлого,,https://www.youtube.com/watch?v=lMpO4eFED2U,544,15,
Дулаан ба молекул физик,Термодинамик,Бодлого - циклийн хамгийн их температур олох,,https://www.youtube.com/watch?v=WbYx4s3WsTM,803,16,
Дулаан ба молекул физик,Термодинамик,Хийн энерги,,https://www.youtube.com/watch?v=rXY4iLHp30c,291,17,
Дулаан ба молекул физик,Термодинамик,Молекул кинетик онол,,https://www.youtube.com/watch?v=I47zzO69QF8,1117,18,
Дулаан ба молекул физик,Термодинамик,Политроп процесс,,https://www.youtube.com/watch?v=nKOuHnvHyRA,788,19,
Дулаан ба молекул физик,Термодинамик,Политроп процесс - Жишээ бодлого,,https://www.youtube.com/watch?v=_rM3ow4CDn4,1318,20,
Цахилгаан,Электростатик,Цахилгаан цэнэг ба кулоны хууль,,https://www.youtube.com/watch?v=va9dRcsPEQk,640,1,
Цахилгаан,Электростатик,Кулоны хууль бөмбөрцгийн цэнэгийг олох жишээ бодлого,,https://www.youtube.com/watch?v=5tHE_x-K6zo,530,2,
Цахилгаан,Электростатик,Цахилгаан орон,,https://www.youtube.com/watch?v=lMkHxe7vp-o,847,3,
Цахилгаан,Электростатик,Квадратын орой дээрх цахилгаан орны жишээ бодлого,,https://www.youtube.com/watch?v=UGq-G9UPUQI,714,4,
Цахилгаан,Электростатик,Цэнэглэгдсэн цагиргийн үүсгэх цахилгаан орон,,https://www.youtube.com/watch?v=gM_wKQuWh_o,389,5,
Цахилгаан,Электростатик,Диполийн цахилгаан орон,,https://www.youtube.com/watch?v=aWejfApCVYc,465,6,
Цахилгаан,Электростатик,Гауссын хууль,,https://www.youtube.com/watch?v=7vN_i9EexBA,1233,7,
Цахилгаан,Электростатик,Гауссын хуулийн хэрэглээ,,https://www.youtube.com/watch?v=HMjbHnQx2X4,772,8,
Цахилгаан,Электростатик,Цахилгаан потенциал энерги - цахилгаан потенциал,,https://www.youtube.com/watch?v=G-DF_MIs3SU,700,9,
Цахилгаан,Электростатик,Тогтмол цахилгаан орон дахь цэнэглэгдсэн бөөмийн хөдөлгөөн,,https://www.youtube.com/watch?v=l9ClkB0zyrs,624,10,
Цахилгаан,Электростатик,Конденсатор,,https://www.youtube.com/watch?v=yZ_eaWd39Jk,754,11,
Цахилгаан,Электростатик,Хавтгай конденсатор - Диэлектрик материал,,https://www.youtube.com/watch?v=iwgqtM14XHs,943,12,
Цахилгаан,Электростатик,Цэнэглэгдсэн бөмбөрцөгт үйлчлэх даралт,,https://www.youtube.com/watch?v=Qpz4oSpTJyc,495,13,
Цахилгаан,Электростатик,2024-25 оны дүүргийн физикийн олимпиад багшийн бодлого,,https://www.youtube.com/watch?v=p9GqD08ZvTs,1947,14,
Цахилгаан,Тогтмол гүйдлийн хэлхээ,Дамжуулагч дахь гүйдэл,,https://www.youtube.com/watch?v=lsd2jQM94KM,701,1,
Цахилгаан,Тогтмол гүйдлийн хэлхээ,Омын хууль ба эсэргүүцэл,,https://www.youtube.com/watch?v=r8DK6EuNfxY,540,2,
Цахилгаан,Тогтмол гүйдлийн хэлхээ,Цахилгаан чадал,,https://www.youtube.com/watch?v=lBJNEkWu1zs,396,3,
Цахилгаан,Тогтмол гүйдлийн хэлхээ,Эсэргүүцлийн Цуваа ба зэрэгцээ холболт,,https://www.youtube.com/watch?v=CVXG3c_-0v4,863,4,
Цахилгаан,Тогтмол гүйдлийн хэлхээ,Цуваа ба зэрэгцээ холболт жишээ бодлого - 1,,https://www.youtube.com/watch?v=ieYWawuLim8,487,5,
Цахилгаан,Тогтмол гүйдлийн хэлхээ,Потенциалын ялгавар олох жишээ бодлого,,https://www.youtube.com/watch?v=NVhOBxOevqY,541,6,
Цахилгаан,Тогтмол гүйдлийн хэлхээ,Кирхгофын дүрэм,,https://www.youtube.com/watch?v=1b7VwrlzmNE,1127,7,
Цахилгаан,Тогтмол гүйдлийн хэлхээ,Кирхгофын дүрэм - Жишээ бодлого,,https://www.youtube.com/watch?v=ZW_5hXko8qg,740,8,
Цахилгаан,Тогтмол гүйдлийн хэлхээ,Суперпозицын зарчим - зөгийний үүр,,https://www.youtube.com/watch?v=iKbMUi7U74Q,721,9,
Цахилгаан,Тогтмол гүйдлийн хэлхээ,Хязгааргүй резистор,,https://www.youtube.com/watch?v=IorXZfneNMY,500,10,
Соронзон орон,Соронзон орон: нэмэлт хичээл,Соронзон орон-1,,https://www.youtube.com/watch?v=M3Zk9NWoQOc,584,1,
Соронзон орон,Соронзон орон ба цахилгаан соронзон индукц,Соронзон орны зүгээс цэнэгт үйлчлэх хүч,,https://www.youtube.com/watch?v=68B6riIbkps,1270,1,
Соронзон орон,Соронзон орон ба цахилгаан соронзон индукц,"Цахилгаан, соронзон орон дахь цэнэгт бөөмийн хөдөлгөөн",,https://www.youtube.com/watch?v=yp-BzVAaqFU,922,2,
Соронзон орон,Соронзон орон ба цахилгаан соронзон индукц,Соронзон орны зүгээс гүйдэлтэй дамжуулагчид үйлчлэх хүч,,https://www.youtube.com/watch?v=AUB4YhwgnVg,293,3,
Соронзон орон,Соронзон орон ба цахилгаан соронзон индукц,Соронзон хүчний момент,,https://www.youtube.com/watch?v=7okkPWFKyg0,760,4,
Соронзон орон,Соронзон орон ба цахилгаан соронзон индукц,Холлын эффект,,https://www.youtube.com/watch?v=xBFlTEEfjug,486,5,
Соронзон орон,Соронзон орон ба цахилгаан соронзон индукц,Био савар лапласын хууль,,https://www.youtube.com/watch?v=4a1zr0EGF3Y,758,6,
Соронзон орон,Соронзон орон ба цахилгаан соронзон индукц,Амперын хууль - соленоидын дотор талд үүсэх соронзон орны индукц,,https://www.youtube.com/watch?v=ArmiWNCM03A,801,7,
Соронзон орон,Соронзон орон ба цахилгаан соронзон индукц,Соронзон орны индукцын суперпозицын жишээ бодлого,,https://www.youtube.com/watch?v=e6HwqN_NdII,595,8,
Соронзон орон,Соронзон орон ба цахилгаан соронзон индукц,Соронзон орон - Фарадейн индукцийн хууль,,https://www.youtube.com/watch?v=XV9F0C1ZyzY,1029,9,
Соронзон орон,Соронзон орон ба цахилгаан соронзон индукц,Хувьсах хүчдэл - RLC хэлхээ,,https://www.youtube.com/watch?v=Qbszyi1xjSg,1522,10,
Соронзон орон,Соронзон орон ба цахилгаан соронзон индукц,Трансформатор - хувьсах хүчдэлийн жишээ бодлого. RLC хэлхээний бодлого,,https://www.youtube.com/watch?v=4SApZ1VbBzU,830,11,
Оптик,Геометр оптик,9-р анги - Гэрлийн хугарал,,https://www.youtube.com/watch?v=Oe_lApBDIB8,499,1,
Оптик,Геометр оптик,9-р анги - Дотоод бүрэн ойлт,,https://www.youtube.com/watch?v=xw-dBYXPYn4,807,2,
Оптик,Геометр оптик,9-р анги - Нимгэн линз - 1-цацраг нэвтрэх дүрэм,,https://www.youtube.com/watch?v=b_yFIhx-mHw,809,3,
Оптик,Геометр оптик,9-р анги - нимгэн линз - 2-дүрс байгуулах,,https://www.youtube.com/watch?v=x1XsRvScS5o,1250,4,
Оптик,Геометр оптик,9-р анги - нимгэн линз - 3-жишээ бодлого,,https://www.youtube.com/watch?v=BAasMvzJbDk,914,5,
Оптик,Геометр оптик,Линз - байгуулалтын арга - жишээ бодлого,,https://www.youtube.com/watch?v=fWAYu4WOjo0,604,6,
Оптик,Геометр оптик,9-р анги - хүнхэр гүдгэр толь,,https://www.youtube.com/watch?v=cOxqZSzCGb0,1645,7,
Оптик,Геометр оптик,9-р анги - оптик систем,,https://www.youtube.com/watch?v=nWLW9WE_ohE,1347,8,
Орчин үеийн физик,Атом ба цөм,Атомын спектр ба Борын онол,,https://www.youtube.com/watch?v=sjSld-MrSBc,1397,1,
Орчин үеийн физик,Атом ба цөм,Цацраг идэвхит чанар ба хагас задралын үе,,https://www.youtube.com/watch?v=EpAZfhMeppc,1820,2,
Орчин үеийн физик,Атом ба цөм,Холбоосын энерги ба массын деффект,,https://www.youtube.com/watch?v=GYh8U42msb8,570,3,
Орчин үеийн физик,Атом ба цөм,Эрчим хүч,,https://www.youtube.com/watch?v=3DTg9IjdtEk,909,4,
Орчин үеийн физик,Атом ба цөм,Цөмийн цахилгаан станц,,https://www.youtube.com/watch?v=LHQxmYW8wEg,1404,5,
Цахим хичээлийн цуврал,Механик (1–17-р лекц),"Си систем, хэмжээсийн анализ ба утгат орон",,https://www.youtube.com/watch?v=Y_i8LZOhiCw,2597,1,
Цахим хичээлийн цуврал,Механик (1–17-р лекц),Жигд хөдөлгөөн - цахим хичээл,,https://www.youtube.com/watch?v=fCRjR-R7g5M,3718,2,
Цахим хичээлийн цуврал,Механик (1–17-р лекц),Жигд хувьсах хөдөлгөөн - цахим хичээл,,https://www.youtube.com/watch?v=sWqH5i9aOiI,4201,3,
Цахим хичээлийн цуврал,Механик (1–17-р лекц),Хөдөлгөөний бодлого ба дээш шидэгдсэн бие,,https://www.youtube.com/watch?v=0VqXDbpHv-0,3743,4,
Цахим хичээлийн цуврал,Механик (1–17-р лекц),Дээш шидэгдсэн биеийн бодлого,,https://www.youtube.com/watch?v=WKEtrtHPhjY,3311,5,
Цахим хичээлийн цуврал,Механик (1–17-р лекц),Дээш шидэгдсэн биеийн хөдөлгөөнд энерги хадгалагдах хууль ашиглах нь,,https://www.youtube.com/watch?v=bJYEpeaHd8o,3423,6,
Цахим хичээлийн цуврал,Механик (1–17-р лекц),Өнцөг үүсгэн шидэгдсэн бие,,https://www.youtube.com/watch?v=UV_AKNbjzMI,3964,7,
Цахим хичээлийн цуврал,Механик (1–17-р лекц),Тойргоор эргэлдэх хөдөлгөөн,,https://www.youtube.com/watch?v=qvIzpf60OMQ,3120,8,
Цахим хичээлийн цуврал,Механик (1–17-р лекц),Ньютоны хуулиуд,,https://www.youtube.com/watch?v=PIOLfLn2ESc,2580,9,
Цахим хичээлийн цуврал,Механик (1–17-р лекц),Ньютоны хууль жишээ бодлого,,https://www.youtube.com/watch?v=iEduPfKeBJI,2803,10,
Цахим хичээлийн цуврал,Механик (1–17-р лекц),Хүчний момент,,https://www.youtube.com/watch?v=hzXAFcupPjo,3111,11,
Цахим хичээлийн цуврал,Механик (1–17-р лекц),Массын төв,,https://www.youtube.com/watch?v=XRy_TqGxhv0,3061,12,
Цахим хичээлийн цуврал,Механик (1–17-р лекц),Ажил,,https://www.youtube.com/watch?v=32Mff6XzZHs,2948,13,
Цахим хичээлийн цуврал,Механик (1–17-р лекц),Хөдөлгөөний тоо хэмжээ,,https://www.youtube.com/watch?v=cr7wPflYdQE,2095,14,
Цахим хичээлийн цуврал,Механик (1–17-р лекц),Хэлбэлзэл,,https://www.youtube.com/watch?v=ZCb_pe1uSg0,3597,15,
Цахим хичээлийн цуврал,Механик (1–17-р лекц),Математик дүүжин ба долгионы шинж чанар,,https://www.youtube.com/watch?v=mOX38mofqas,2673,16,
Цахим хичээлийн цуврал,Механик (1–17-р лекц),"Хатуу биеийн эргэлдэх хөдөлгөөн, импульсын момент",,https://www.youtube.com/watch?v=jYWVU-XkOWM,2882,17,
Цахим хичээлийн цуврал,Цахилгаан ба соронзон (18–26-р лекц),Цахилгаан цэнэг ба кулоны хууль,,https://www.youtube.com/watch?v=lewTZXw1_bw,4076,1,
Цахим хичээлийн цуврал,Цахилгаан ба соронзон (18–26-р лекц),Цахилгаан потенциал энерги ба потенциал,,https://www.youtube.com/watch?v=VfNO5DLMoSc,4117,2,
Цахим хичээлийн цуврал,Цахилгаан ба соронзон (18–26-р лекц),Конденсатор,,https://www.youtube.com/watch?v=-eqvTvC1Vfs,3308,3,
Цахим хичээлийн цуврал,Цахилгаан ба соронзон (18–26-р лекц),Конденсатор жишээ бодлого,,https://www.youtube.com/watch?v=hJFWu5S91Gc,1066,4,
Цахим хичээлийн цуврал,Цахилгаан ба соронзон (18–26-р лекц),Жишээ бодлого,,https://www.youtube.com/watch?v=BZ-q2-gWnVc,3872,5,
Цахим хичээлийн цуврал,Цахилгаан ба соронзон (18–26-р лекц),"Хэлхээний бодлого, амперметр ба кирхгофын дүрэм",,https://www.youtube.com/watch?v=YWGxE9D5tCM,3944,6,
Цахим хичээлийн цуврал,Цахилгаан ба соронзон (18–26-р лекц),Кирхгофын жишээ бодлого - хагас дамжуулагч - гүйдэлтэй дамжуулагчийн үүсгэх соронзон орон,,https://www.youtube.com/watch?v=yUSlY6T3x4o,4484,7,
Цахим хичээлийн цуврал,Цахилгаан ба соронзон (18–26-р лекц),"Гадны соронзон орны зүгээс гүйдэлтэй дамжуулагчид үйлчлэх хүч, соленойд",,https://www.youtube.com/watch?v=qwAB1QqUe6Q,3061,8,
Цахим хичээлийн цуврал,Цахилгаан ба соронзон (18–26-р лекц),"Лоренцын хүч, гадны соронзон оронд буй гүйдэлтэй дамжуулагчид үйлчлэх хүч",,https://www.youtube.com/watch?v=XBuNr2W8AIY,4112,9,
Физикт хэрэглэгдэх математик,Интеграл ба тооцооллын арга,Интеграл - Оршил,,https://www.youtube.com/watch?v=GygSxEFKk-g,1457,1,
Физикт хэрэглэгдэх математик,Интеграл ба тооцооллын арга,Интеграль - жишээ - натураль логрифм - синус ба косинус,,https://www.youtube.com/watch?v=RhMe7QdmjbY,757,2,
Физикт хэрэглэгдэх математик,Интеграл ба тооцооллын арга,Интеграл - Орлуулах арга,,https://www.youtube.com/watch?v=OIAUGMujdgs,493,3,
Физикт хэрэглэгдэх математик,Интеграл ба тооцооллын арга,Хэсэгчлэн интегралчлах,,https://www.youtube.com/watch?v=mVU0JR1t91g,592,4,
Физикт хэрэглэгдэх математик,Интеграл ба тооцооллын арга,Интеграл жишээ бодлого,,https://www.youtube.com/watch?v=UYptttByetQ,584,5,
Физикт хэрэглэгдэх математик,Интеграл ба тооцооллын арга,Хувьсагч олох арга,,https://www.youtube.com/watch?v=DGmiEIItmjI,600,6,
Олимпиадын бодлого,Олимпиад ба нэмэлт бодлого,Герцийн мөргөлдөөн - туршилт явуулах заавар,,https://www.youtube.com/watch?v=XeDbT2cUhFQ,649,1,
Олимпиадын бодлого,Олимпиад ба нэмэлт бодлого,2024 оны нийслэлийн физикийн олимпиадын бодлого,,https://www.youtube.com/watch?v=4n9s-nAV5fE,1217,2,
Олимпиадын бодлого,Олимпиад ба нэмэлт бодлого,Иродов 3.398 бодлогын бодолт - циклотрон,,https://www.youtube.com/watch?v=Hij81tyTGzQ,1301,3,
Олимпиадын бодлого,Олимпиад ба нэмэлт бодлого,2025-нийслэлийн физикийн олимпиад багшийн бодлого - цэнэглэгдсэн цилиндр,,https://www.youtube.com/watch?v=eVV7x5h7t3c,2194,4,
Физикийн ЭЕШ-ийн бодолт,Блюпринтийн сорил,2022 оны физикийн ЭЕШ-ийн блюпринтийн шинжилгээ,,https://www.youtube.com/watch?v=5BAFAJ94qro,1922,1,
Физикийн ЭЕШ-ийн бодолт,Блюпринтийн сорил,2023 оны Физикийн ЭЕШ-н блюпринтийн дагуух тест,,https://www.youtube.com/watch?v=qwssHPDoxCo,2154,2,
Физикийн ЭЕШ-ийн бодолт,Блюпринтийн сорил,2024 оны физикийн ЭЕШ-н блюпринтийн дагуу бэлтгэсэн сорил-1,,https://www.youtube.com/watch?v=4VDWTVnzR9Q,3582,3,
Физикийн ЭЕШ-ийн бодолт,Блюпринтийн сорил,Физик 2025 оны ЭЕШ блюпринтийн сорил-1,,https://www.youtube.com/watch?v=d_KRlHEeMqY,4472,4,
Физикийн ЭЕШ-ийн бодолт,Блюпринтийн сорил,2025 оны физикийн элсэлтийн ерөнхий шалгалтын блюпринтийн даалгавар. Зохиогч Ч.Гончигдорж,,https://www.youtube.com/watch?v=WanbmYIILx0,2751,5,
Физикийн ЭЕШ-ийн бодолт,2025 оны ЭЕШ,С хувилбар,,https://www.youtube.com/watch?v=ZTU13CiHBlo,2943,1,
Физикийн ЭЕШ-ийн бодолт,2024 оны ЭЕШ,А хувилбар (1–46),,https://www.youtube.com/watch?v=K-D156rE_x8,2191,1,
Физикийн ЭЕШ-ийн бодолт,2024 оны ЭЕШ,А хувилбар — задгай даалгавар,,https://www.youtube.com/watch?v=dJOVf9s32v0,640,2,
Физикийн ЭЕШ-ийн бодолт,2023 оны ЭЕШ,А хувилбар (1–14),,https://www.youtube.com/watch?v=fdEtZ253akk,1231,1,
Физикийн ЭЕШ-ийн бодолт,2023 оны ЭЕШ,А хувилбар (15–26),,https://www.youtube.com/watch?v=qFadTSzeyd8,483,2,
Физикийн ЭЕШ-ийн бодолт,2023 оны ЭЕШ,А хувилбар (27–34),,https://www.youtube.com/watch?v=s6BdkdwtWEI,415,3,
Физикийн ЭЕШ-ийн бодолт,2023 оны ЭЕШ,А хувилбар (35–46),,https://www.youtube.com/watch?v=ha8sGWzdTMA,613,4,
Физикийн ЭЕШ-ийн бодолт,2023 оны ЭЕШ,А хувилбар — задгай даалгавар (2.1–2.4),,https://www.youtube.com/watch?v=3U5z4OFb3LM,1175,5,
Физикийн ЭЕШ-ийн бодолт,2022 оны ЭЕШ,А хувилбар (1–10),,https://www.youtube.com/watch?v=AnggwVzkD1k,1011,1,
Физикийн ЭЕШ-ийн бодолт,2022 оны ЭЕШ,А хувилбар (11–23),,https://www.youtube.com/watch?v=t_i1Hr57alM,1215,2,
Физикийн ЭЕШ-ийн бодолт,2022 оны ЭЕШ,А хувилбар (24–36),,https://www.youtube.com/watch?v=8ho3WgM_v0o,887,3,
Физикийн ЭЕШ-ийн бодолт,2022 оны ЭЕШ,А хувилбар (37–46),,https://www.youtube.com/watch?v=nnVJA3dKXa0,666,4,
Физикийн ЭЕШ-ийн бодолт,2022 оны ЭЕШ,А хувилбар — задгай даалгавар,,https://www.youtube.com/watch?v=nyuyRRwkpSg,918,5,
Физикийн ЭЕШ-ийн бодолт,2021 оны ЭЕШ,А хувилбар (1–21),,https://www.youtube.com/watch?v=DSXJLWIUrf4,1218,1,
Физикийн ЭЕШ-ийн бодолт,2021 оны ЭЕШ,А хувилбар (22–46),,https://www.youtube.com/watch?v=icZV_ZjN4Bg,1633,2,
Физикийн ЭЕШ-ийн бодолт,2021 оны ЭЕШ,А хувилбар — задгай даалгавар,,https://www.youtube.com/watch?v=c2lI4qHkVSg,854,3,
Физикийн ЭЕШ-ийн бодолт,2020 оны ЭЕШ,А хувилбар (1–6),,https://www.youtube.com/watch?v=BDicAws_4PI,644,1,
Физикийн ЭЕШ-ийн бодолт,2020 оны ЭЕШ,А хувилбар (7–15),,https://www.youtube.com/watch?v=QtICK_zDOYk,628,2,
Физикийн ЭЕШ-ийн бодолт,2020 оны ЭЕШ,А хувилбар (16–21),,https://www.youtube.com/watch?v=9La9mB8fgsU,668,3,
Физикийн ЭЕШ-ийн бодолт,2020 оны ЭЕШ,А хувилбар (22–28),,https://www.youtube.com/watch?v=lgaqFxYE8BY,731,4,
Физикийн ЭЕШ-ийн бодолт,2020 оны ЭЕШ,А хувилбар (29–35),,https://www.youtube.com/watch?v=Tv48sSW_0gM,636,5,
Физикийн ЭЕШ-ийн бодолт,2020 оны ЭЕШ,А хувилбар (36–40),,https://www.youtube.com/watch?v=ab01aVeAc-8,696,6,
Физикийн ЭЕШ-ийн бодолт,2020 оны ЭЕШ,А хувилбар (41–46),,https://www.youtube.com/watch?v=6JsghNFzS0o,457,7,
Физикийн ЭЕШ-ийн бодолт,2020 оны ЭЕШ,А хувилбар — задгай даалгавар (2.1–2.2),,https://www.youtube.com/watch?v=K5aUHJxbhvc,738,8,
Физикийн ЭЕШ-ийн бодолт,2020 оны ЭЕШ,А хувилбар — задгай даалгавар (2.3–2.4),,https://www.youtube.com/watch?v=hVQsSTcrDiQ,836,9,
Физикийн ЭЕШ-ийн бодолт,2019 оны ЭЕШ,А хувилбар (1–10),,https://www.youtube.com/watch?v=wVWk7teCRN8,908,1,
Физикийн ЭЕШ-ийн бодолт,2019 оны ЭЕШ,А хувилбар (11–20),,https://www.youtube.com/watch?v=w86uNMWq3cM,817,2,
Физикийн ЭЕШ-ийн бодолт,2019 оны ЭЕШ,А хувилбар (21–30),,https://www.youtube.com/watch?v=rHxp01lz-jQ,778,3,
Физикийн ЭЕШ-ийн бодолт,2019 оны ЭЕШ,А хувилбар (31–39),,https://www.youtube.com/watch?v=-YKGD5LB5V0,802,4,
Физикийн ЭЕШ-ийн бодолт,2019 оны ЭЕШ,А хувилбар (40–46),,https://www.youtube.com/watch?v=qItwgI2GqN8,871,5,
Физикийн ЭЕШ-ийн бодолт,2019 оны ЭЕШ,А хувилбар — задгай даалгавар (2.1–2.2),,https://www.youtube.com/watch?v=Rl4YL2vmAag,470,6,
Физикийн ЭЕШ-ийн бодолт,2019 оны ЭЕШ,А хувилбар — задгай даалгавар (2.3–2.4),,https://www.youtube.com/watch?v=EpE_RZrn0qo,688,7,
Физикийн ЭЕШ-ийн бодолт,2018 оны ЭЕШ,А хувилбар (1–10),,https://www.youtube.com/watch?v=oDdbAgVNLtQ,850,1,
Физикийн ЭЕШ-ийн бодолт,2018 оны ЭЕШ,А хувилбар (11–20),,https://www.youtube.com/watch?v=IxzVBXmjMQQ,717,2,
Физикийн ЭЕШ-ийн бодолт,2018 оны ЭЕШ,А хувилбар (21–30),,https://www.youtube.com/watch?v=e-AEwEJYmxc,1003,3,
Физикийн ЭЕШ-ийн бодолт,2018 оны ЭЕШ,А хувилбар (31–40),,https://www.youtube.com/watch?v=aVSAQ19Kf78,1130,4,
Физикийн ЭЕШ-ийн бодолт,2018 оны ЭЕШ,А хувилбар (41–46),,https://www.youtube.com/watch?v=acV7ekLbpEc,880,5,
Физикийн ЭЕШ-ийн бодолт,2018 оны ЭЕШ,А хувилбар — задгай даалгавар (2.1–2.2),,https://www.youtube.com/watch?v=7BJGKzjHguY,831,6,
Физикийн ЭЕШ-ийн бодолт,2018 оны ЭЕШ,А хувилбар — задгай даалгавар (2.3–2.4),,https://www.youtube.com/watch?v=9DAph5VKyzE,1001,7,
Физикийн ЭЕШ-ийн бодолт,2017 оны ЭЕШ,А хувилбар (1–10),,https://www.youtube.com/watch?v=MUCtMagioYs,846,1,
Физикийн ЭЕШ-ийн бодолт,2017 оны ЭЕШ,А хувилбар (11–20),,https://www.youtube.com/watch?v=VhRCo_ThXH8,867,2,
Физикийн ЭЕШ-ийн бодолт,2017 оны ЭЕШ,А хувилбар (21–30),,https://www.youtube.com/watch?v=bfg56NZRNqw,682,3,
Физикийн ЭЕШ-ийн бодолт,2017 оны ЭЕШ,А хувилбар (31–46),,https://www.youtube.com/watch?v=nyP67AN6xX0,1096,4,
Физикийн ЭЕШ-ийн бодолт,2017 оны ЭЕШ,А хувилбар — задгай даалгавар (2.1–2.2–2.3–2.4),,https://www.youtube.com/watch?v=jAW9Swksu24,1432,5,
Физикийн ЭЕШ-ийн бодолт,2016 оны ЭЕШ,А хувилбар (1–10),,https://www.youtube.com/watch?v=qgiTLPNEawU,589,1,
Физикийн ЭЕШ-ийн бодолт,2016 оны ЭЕШ,А хувилбар (11–20),,https://www.youtube.com/watch?v=6Elu1QZH39k,744,2,
Физикийн ЭЕШ-ийн бодолт,2016 оны ЭЕШ,А хувилбар (21–30),,https://www.youtube.com/watch?v=-ZIAMKXjBf0,711,3,
Физикийн ЭЕШ-ийн бодолт,2016 оны ЭЕШ,А хувилбар (31–36),,https://www.youtube.com/watch?v=8fee5c3_40U,633,4,
Физикийн ЭЕШ-ийн бодолт,2016 оны ЭЕШ,А хувилбар (37–46),,https://www.youtube.com/watch?v=Lwh9vELMyD8,1110,5,
Физикийн ЭЕШ-ийн бодолт,2016 оны ЭЕШ,А хувилбар — задгай даалгавар (2.1–2.2–2.3–2.4),,https://www.youtube.com/watch?v=uzPh82Ix6l8,1043,6,
Физикийн ЭЕШ-ийн бодолт,2015 оны ЭЕШ,А хувилбар (1–10),,https://www.youtube.com/watch?v=DwLepJvN7ow,842,1,
Физикийн ЭЕШ-ийн бодолт,2015 оны ЭЕШ,А хувилбар (11–20),,https://www.youtube.com/watch?v=gf1stl4w56A,861,2,
Физикийн ЭЕШ-ийн бодолт,2015 оны ЭЕШ,А хувилбар (21–30),,https://www.youtube.com/watch?v=1x4u16u2Lr4,638,3,
Физикийн ЭЕШ-ийн бодолт,2015 оны ЭЕШ,А хувилбар (31–39),,https://www.youtube.com/watch?v=su-AV0dwzGc,797,4,
Физикийн ЭЕШ-ийн бодолт,2015 оны ЭЕШ,А хувилбар (40–46),,https://www.youtube.com/watch?v=TFgHQX8M8qs,875,5,
Физикийн ЭЕШ-ийн бодолт,2015 оны ЭЕШ,А хувилбар — задгай даалгавар (2.1–2.2–2.3–2.4),,https://www.youtube.com/watch?v=EQrwmQrtusw,1182,6,
Физикийн ЭЕШ-ийн бодолт,2009 оны ЭЕШ,А хувилбар (1–25),,https://www.youtube.com/watch?v=6k7IKYGThkA,2487,1,
Физикийн ЭЕШ-ийн бодолт,2009 оны ЭЕШ,А хувилбар (26–45),,https://www.youtube.com/watch?v=-AFR5CpaCsA,2147,2,
Физикийн ЭЕШ-ийн бодолт,2009 оны ЭЕШ,А хувилбар (46-аас төгсгөл хүртэл),,https://www.youtube.com/watch?v=2Kwk6Upe1TU,1886,3,
Математикийн ЭЕШ-ийн бодолт,Математикийн ЭЕШ,Математикийн ЭЕШ - 2021 с хувилбар,,https://www.youtube.com/watch?v=ZO0XjRGkTzo,4898,1,
Математикийн ЭЕШ-ийн бодолт,Математикийн ЭЕШ,Математикийн ЭЕШ 2022 B хувилбар,,https://www.youtube.com/watch?v=szo3oEO-4iE,6801,2,
Математикийн ЭЕШ-ийн бодолт,Математикийн ЭЕШ,2023 оны Математикийн ЭЕШ А хувилбар,,https://www.youtube.com/watch?v=oH5ayuLDVHI,7180,3,
Математикийн ЭЕШ-ийн бодолт,Математикийн ЭЕШ,2024 оны математик эеш А хувилбар,,https://www.youtube.com/watch?v=2VEoIxej3jU,8078,4,
Математикийн ЭЕШ-ийн бодолт,Математикийн ЭЕШ,2025 оны Математикийн ЭЕШ-н С хувилбарын бүрэн бодолт,,https://www.youtube.com/watch?v=2LIBHDB3LZk,7659,5,
Лекц ба ярилцлага,Лекц ба ярилцлага,Цахим лекц - Нано технологи,,https://www.youtube.com/watch?v=UGEOV-1arjk,2794,1,
Лекц ба ярилцлага,Лекц ба ярилцлага,Төлөвлөлтийн инженер Г.Батула. Орчин үеийн инженерийн эзэмших ёстой чадварын талаар ярьлаа,,https://www.youtube.com/watch?v=tn3ECPEII6s,4066,2,
